{
  "project_info": {
    "project_number": "339998151807",
    "firebase_url": "https://myminiproject-91151.firebaseio.com",
    "project_id": "myminiproject-91151",
    "storage_bucket": "myminiproject-91151.appspot.com"
  },
  "client": [
    {
      "client_info": {
        "mobilesdk_app_id": "1:339998151807:android:45866f41b279e0a2",
        "android_client_info": {
          "package_name": "com.example.dhruv.myminiproject"
        }
      },
      "oauth_client": [
        {
          "client_id": "339998151807-jdgfecudu2pb06splj0obsdo9p934c6b.apps.googleusercontent.com",
          "client_type": 1,
          "android_info": {
            "package_name": "com.example.dhruv.myminiproject",
            "certificate_hash": "28ac77dc71a074f153d1289e0735d71293231a7e"
          }
        },
        {
          "client_id": "339998151807-g6nrjpdl68k9tc5ekud4thnb92qluupr.apps.googleusercontent.com",
          "client_type": 3
        }
      ],
      "api_key": [
        {
          "current_key": "AIzaSyBEDTMVwWMxzPq-SapPOoWTUsAjg9vU9eI"
        },
        {
          "current_key": "AIzaSyBEDTMVwWMxzPq-SapPOoWTUsAjg9vU9eI"
        }
      ],
      "services": {
        "analytics_service": {
          "status": 1
        },
        "appinvite_service": {
          "status": 2,
          "other_platform_oauth_client": [
            {
              "client_id": "339998151807-g6nrjpdl68k9tc5ekud4thnb92qluupr.apps.googleusercontent.com",
              "client_type": 3
            }
          ]
        },
        "ads_service": {
          "status": 2
        }
      }
    }
  ],
  "configuration_version": "1"
}